Documento,Nombre1,Nombre2,Apellido1,Apellido2,Correo,Telefono
10023456,Ana,María,García,López,ana.garcia@email.com,3112345678
20034567,Carlos,Alberto,Martínez,,carlos.martinez@email.com,3123456789
30045678,Laura,Sofía,Rodríguez,Gómez,laura.rodriguez@email.com,3134567890
40056789,Juan,David,López,Pérez,juan.lopez@email.com,3145678901
50067890,María,Jose,Fernández,Díaz,maria.fernandez@email.com,3156789012
60078901,Pedro,,Sánchez,Hernández,pedro.sanchez@email.com,3167890123
70089012,Sofía,Isabel,Ramírez,Morales,sofia.ramirez@email.com,3178901234
80090123,Diego,Andrés,Gómez,Castro,diego.gomez@email.com,3189012345
90101234,Valentina,,Díaz,Suárez,valentina.diaz@email.com,3190123456
10112345,Andrés,Felipe,Morales,Ortiz,andres.morales@email.com,3201234567
11123456,Carolina,Patricia,Suárez,Rojas,carolina.suarez@email.com,3212345678
12134567,Jorge,Luis,Ortiz,Vargas,jorge.ortiz@email.com,3223456789
13145678,Luisa,Fernanda,Castro,Mendoza,luisa.castro@email.com,3234567890
14156789,David,,Vargas,Silva,david.vargas@email.com,3245678901
15167890,Paola,Andrea,Mendoza,Ríos,paola.mendoza@email.com,3256789012
16178901,Sergio,,Ríos,Paredes,sergio.rios@email.com,3267890123
17189012,Natalia,Esperanza,Silva,Guerrero,natalia.silva@email.com,3278901234
18190123,Roberto,Carlos,Paredes,Núñez,roberto.paredes@email.com,3289012345
19201234,Daniela,,Guerrero,Medina,daniela.guerrero@email.com,3290123456
20212345,José,Miguel,Núñez,Zapata,jose.nunez@email.com,3301234567